semester,year,dept,course_count
0910F,0910,AMST,3
0910F,0910,ANTH,7
0910F,0910,ARAB,2
0910F,0910,ARHA,16
0910F,0910,ASLC,12
0910F,0910,BIOL,12
0910F,0910,BLST,13
0910F,0910,CHEM,9
0910F,0910,CHIN,4
0910F,0910,CLAS,1
0910F,0910,COSC,6
0910F,0910,ECON,13
0910F,0910,ENGL,23
0910F,0910,ENST,4
0910F,0910,EUST,4
0910F,0910,FREN,7
0910F,0910,FYSE,26
0910F,0910,GEOL,5
0910F,0910,GERM,7
0910F,0910,GREE,4
0910F,0910,HIST,22
0910F,0910,JAPA,5
0910F,0910,KENA,1
0910F,0910,LATI,3
0910F,0910,LJST,11
0910F,0910,MATH,10
0910F,0910,MIXD,34
0910F,0910,MUSI,16
0910F,0910,PHIL,6
0910F,0910,PHYS,8
0910F,0910,POSC,15
0910F,0910,PSYC,14
0910F,0910,RELI,9
0910F,0910,RUSS,8
0910F,0910,SOCI,6
0910F,0910,SPAN,12
0910F,0910,THDA,13
0910F,0910,WAGS,3
0910S,0910,AMST,2
0910S,0910,ANTH,10
0910S,0910,ARAB,2
0910S,0910,ARHA,17
0910S,0910,ASLC,15
0910S,0910,BIOL,13
0910S,0910,BLST,16
0910S,0910,CHEM,8
0910S,0910,CHIN,4
0910S,0910,CLAS,1
0910S,0910,COLQ,1
0910S,0910,COSC,8
0910S,0910,ECON,13
0910S,0910,ENGL,31
0910S,0910,ENST,5
0910S,0910,EUST,9
0910S,0910,FREN,8
0910S,0910,GEOL,4
0910S,0910,GERM,8
0910S,0910,GREE,4
0910S,0910,HIST,19
0910S,0910,JAPA,5
0910S,0910,LATI,3
0910S,0910,LJST,9
0910S,0910,MATH,11
0910S,0910,MELL,1
0910S,0910,MIXD,40
0910S,0910,MUSI,15
0910S,0910,NEUR,1
0910S,0910,PHIL,7
0910S,0910,PHYS,8
0910S,0910,POSC,18
0910S,0910,PSYC,11
0910S,0910,RELI,10
0910S,0910,RUSS,10
0910S,0910,SOCI,7
0910S,0910,SPAN,12
0910S,0910,THDA,14
0910S,0910,WAGS,7
1011F,1011,AMST,2
1011F,1011,ANTH,7
1011F,1011,ARAB,2
1011F,1011,ARHA,13
1011F,1011,ASLC,10
1011F,1011,BIOL,12
1011F,1011,BLST,10
1011F,1011,CHEM,9
1011F,1011,CHIN,4
1011F,1011,CLAS,2
1011F,1011,COSC,6
1011F,1011,ECON,13
1011F,1011,ENGL,27
1011F,1011,ENST,5
1011F,1011,EUST,13
1011F,1011,FAMS,15
1011F,1011,FREN,9
1011F,1011,FYSE,28
1011F,1011,GEOL,7
1011F,1011,GERM,7
1011F,1011,GREE,4
1011F,1011,HIST,20
1011F,1011,JAPA,6
1011F,1011,KENA,1
1011F,1011,LATI,3
1011F,1011,LJST,9
1011F,1011,MATH,11
1011F,1011,MIXD,51
1011F,1011,MUSI,16
1011F,1011,PHIL,7
1011F,1011,PHYS,7
1011F,1011,POSC,17
1011F,1011,PSYC,14
1011F,1011,RELI,10
1011F,1011,RUSS,9
1011F,1011,SOCI,5
1011F,1011,SPAN,13
1011F,1011,THDA,16
1011F,1011,WAGS,2
1011S,1011,AMST,4
1011S,1011,ANTH,9
1011S,1011,ARAB,2
1011S,1011,ARHA,22
1011S,1011,ASLC,15
1011S,1011,BCBP,2
1011S,1011,BIOL,11
1011S,1011,BLST,15
1011S,1011,BRUS,1
1011S,1011,CHEM,8
1011S,1011,CHIN,4
1011S,1011,CLAS,3
1011S,1011,COLQ,6
1011S,1011,COSC,6
1011S,1011,ECON,13
1011S,1011,ENGL,34
1011S,1011,ENST,5
1011S,1011,EUST,19
1011S,1011,FAMS,15
1011S,1011,FREN,10
1011S,1011,GEOL,3
1011S,1011,GERM,7
1011S,1011,GREE,4
1011S,1011,HIST,30
1011S,1011,JAPA,7
1011S,1011,LATI,3
1011S,1011,LJST,10
1011S,1011,MATH,13
1011S,1011,MELL,1
1011S,1011,MIXD,66
1011S,1011,MUSI,17
1011S,1011,NEUR,1
1011S,1011,PHIL,10
1011S,1011,PHYS,8
1011S,1011,POSC,23
1011S,1011,PSYC,12
1011S,1011,RELI,10
1011S,1011,RUSS,10
1011S,1011,SOCI,7
1011S,1011,SPAN,12
1011S,1011,THDA,15
1011S,1011,WAGS,3
1112F,1112,AMST,1
1112F,1112,ANTH,8
1112F,1112,ARAB,3
1112F,1112,ARHA,21
1112F,1112,ASLC,12
1112F,1112,BCBP,2
1112F,1112,BIOL,16
1112F,1112,BLST,16
1112F,1112,CHEM,10
1112F,1112,CHIN,4
1112F,1112,CLAS,2
1112F,1112,COLQ,1
1112F,1112,COSC,6
1112F,1112,ECON,13
1112F,1112,ENGL,35
1112F,1112,ENST,3
1112F,1112,EUST,12
1112F,1112,FAMS,14
1112F,1112,FREN,8
1112F,1112,FYSE,25
1112F,1112,GEOL,7
1112F,1112,GERM,7
1112F,1112,GREE,4
1112F,1112,HIST,21
1112F,1112,JAPA,7
1112F,1112,KENA,1
1112F,1112,LATI,3
1112F,1112,LJST,12
1112F,1112,MATH,10
1112F,1112,MIXD,61
1112F,1112,MUSI,55
1112F,1112,NEUR,1
1112F,1112,PHIL,7
1112F,1112,PHYS,9
1112F,1112,POSC,16
1112F,1112,PSYC,12
1112F,1112,RELI,9
1112F,1112,RUSS,8
1112F,1112,SOCI,6
1112F,1112,SPAN,11
1112F,1112,THDA,14
1112F,1112,WAGS,3
1112S,1112,AMST,4
1112S,1112,AMST 490,1
1112S,1112,ANTH,8
1112S,1112,ARAB,4
1112S,1112,ARHA,27
1112S,1112,ASLC,12
1112S,1112,BCBP,2
1112S,1112,BIOL,11
1112S,1112,BLST,16
1112S,1112,CHEM,9
1112S,1112,CHIN,4
1112S,1112,CLAS,2
1112S,1112,COLQ,8
1112S,1112,COSC,7
1112S,1112,ECON,15
1112S,1112,ENGL,42
1112S,1112,ENST,5
1112S,1112,EUST,19
1112S,1112,FAMS,24
1112S,1112,FREN,9
1112S,1112,GEOL,6
1112S,1112,GERM,10
1112S,1112,GREE,4
1112S,1112,HIST,28
1112S,1112,JAPA,7
1112S,1112,LATI,3
1112S,1112,LJST,10
1112S,1112,MATH,12
1112S,1112,MELL,1
1112S,1112,MIXD,68
1112S,1112,MUSI,22
1112S,1112,NEUR,1
1112S,1112,PHIL,9
1112S,1112,PHYS,7
1112S,1112,POSC,13
1112S,1112,PSYC,9
1112S,1112,RELI,12
1112S,1112,RUSS,7
1112S,1112,SOCI,5
1112S,1112,SPAN,13
1112S,1112,THDA,17
1112S,1112,WAGS,5
1213F,1213,AMST,6
1213F,1213,ANTH,10
1213F,1213,ARAB,3
1213F,1213,ARCH,5
1213F,1213,ARHA,24
1213F,1213,ASLC,19
1213F,1213,BCBP,3
1213F,1213,BIOL,11
1213F,1213,BLST,19
1213F,1213,CHEM,9
1213F,1213,CHIN,4
1213F,1213,CLAS,1
1213F,1213,COLQ,1
1213F,1213,COSC,8
1213F,1213,ECON,19
1213F,1213,ENGL,31
1213F,1213,ENST,6
1213F,1213,EUST,17
1213F,1213,FAMS,13
1213F,1213,FREN,7
1213F,1213,FYSE,27
1213F,1213,GEOL,6
1213F,1213,GERM,6
1213F,1213,GREE,4
1213F,1213,HIST,25
1213F,1213,JAPA,7
1213F,1213,LATI,3
1213F,1213,LJST,10
1213F,1213,MATH,12
1213F,1213,MIXD,77
1213F,1213,MUSI,55
1213F,1213,PHIL,9
1213F,1213,PHYS,8
1213F,1213,POSC,19
1213F,1213,PSYC,16
1213F,1213,RELI,12
1213F,1213,RUSS,8
1213F,1213,SOCI,8
1213F,1213,SPAN,12
1213F,1213,THDA,17
1213F,1213,WAGS,4
1213S,1213,AMST,5
1213S,1213,ANTH,14
1213S,1213,ARAB,3
1213S,1213,ARCH,5
1213S,1213,ARHA,28
1213S,1213,ASLC,21
1213S,1213,BCBP,2
1213S,1213,BIOL,13
1213S,1213,BLST,14
1213S,1213,CHEM,8
1213S,1213,CHIN,4
1213S,1213,CLAS,2
1213S,1213,COLQ,7
1213S,1213,COSC,7
1213S,1213,ECON,15
1213S,1213,ENGL,37
1213S,1213,ENST,4
1213S,1213,EUST,17
1213S,1213,FAMS,25
1213S,1213,FREN,9
1213S,1213,GEOL,7
1213S,1213,GERM,9
1213S,1213,GREE,4
1213S,1213,HIST,23
1213S,1213,JAPA,7
1213S,1213,LATI,3
1213S,1213,LJST,8
1213S,1213,MATH,13
1213S,1213,MELL,1
1213S,1213,MIXD,71
1213S,1213,MUSI,19
1213S,1213,NEUR,1
1213S,1213,PHIL,13
1213S,1213,PHYS,7
1213S,1213,POSC,18
1213S,1213,PSYC,14
1213S,1213,RELI,13
1213S,1213,RUSS,7
1213S,1213,SOCI,9
1213S,1213,SPAN,13
1213S,1213,THDA,21
1213S,1213,WAGS,6
1314F,1314,AMST,5
1314F,1314,ANTH,12
1314F,1314,ARAB,3
1314F,1314,ARCH,3
1314F,1314,ARHA,22
1314F,1314,ASLC,24
1314F,1314,BCBP,3
1314F,1314,BIOL,17
1314F,1314,BLST,15
1314F,1314,CHEM,11
1314F,1314,CHIN,4
1314F,1314,CLAS,2
1314F,1314,COLQ,1
1314F,1314,COSC,6
1314F,1314,ECON,15
1314F,1314,ENGL,32
1314F,1314,ENST,7
1314F,1314,EUST,13
1314F,1314,FAMS,14
1314F,1314,FREN,6
1314F,1314,FYSE,28
1314F,1314,GEOL,5
1314F,1314,GERM,9
1314F,1314,GREE,4
1314F,1314,HIST,24
1314F,1314,JAPA,8
1314F,1314,LATI,3
1314F,1314,LJST,11
1314F,1314,MATH,14
1314F,1314,MIXD,76
1314F,1314,MUSI,10
1314F,1314,NEUR,4
1314F,1314,PHIL,9
1314F,1314,PHYS,8
1314F,1314,POSC,18
1314F,1314,PSYC,14
1314F,1314,RELI,9
1314F,1314,RUSS,10
1314F,1314,SOCI,5
1314F,1314,SPAN,15
1314F,1314,THDA,19
1314F,1314,WAGS,4
1314S,1314,AMST,5
1314S,1314,ANTH,11
1314S,1314,ARAB,4
1314S,1314,ARCH,6
1314S,1314,ARHA,24
1314S,1314,ASLC,15
1314S,1314,BCBP,4
1314S,1314,BIOL,12
1314S,1314,BLST,16
1314S,1314,CHEM,8
1314S,1314,CHIN,4
1314S,1314,CLAS,2
1314S,1314,COLQ,8
1314S,1314,COSC,6
1314S,1314,ECON,15
1314S,1314,ENGL,34
1314S,1314,ENST,9
1314S,1314,EUST,18
1314S,1314,FAMS,20
1314S,1314,FREN,10
1314S,1314,GEOL,6
1314S,1314,GERM,7
1314S,1314,GREE,4
1314S,1314,HIST,19
1314S,1314,JAPA,12
1314S,1314,LATI,3
1314S,1314,LJST,7
1314S,1314,MATH,15
1314S,1314,MIXD,68
1314S,1314,MUSI,15
1314S,1314,NEUR,1
1314S,1314,PHIL,10
1314S,1314,PHYS,7
1314S,1314,POSC,17
1314S,1314,PSYC,17
1314S,1314,RELI,11
1314S,1314,RUSS,8
1314S,1314,SOCI,6
1314S,1314,SPAN,15
1314S,1314,THDA,20
1314S,1314,WAGS,6
1415F,1415,AMST,8
1415F,1415,ANTH,9
1415F,1415,ARAB,3
1415F,1415,ARCH,10
1415F,1415,ARHA,25
1415F,1415,ASLC,17
1415F,1415,ASTR,1
1415F,1415,BIOL,10
1415F,1415,BLST,21
1415F,1415,CHEM,10
1415F,1415,CHIN,5
1415F,1415,CLAS,2
1415F,1415,COLQ,1
1415F,1415,COSC,6
1415F,1415,ECON,15
1415F,1415,ENGL,36
1415F,1415,ENST,3
1415F,1415,EUST,26
1415F,1415,FAMS,16
1415F,1415,FREN,8
1415F,1415,FYSE,29
1415F,1415,GEOL,6
1415F,1415,GERM,8
1415F,1415,GREE,4
1415F,1415,HIST,20
1415F,1415,JAPA,8
1415F,1415,LATI,3
1415F,1415,LJST,10
1415F,1415,MATH,12
1415F,1415,MIXD,89
1415F,1415,MUSI,15
1415F,1415,NEUR,3
1415F,1415,PHIL,6
1415F,1415,PHYS,8
1415F,1415,POSC,18
1415F,1415,PSYC,15
1415F,1415,RELI,8
1415F,1415,RUSS,8
1415F,1415,SOCI,9
1415F,1415,SPAN,15
1415F,1415,STAT,6
1415F,1415,SWAG,22
1415F,1415,THDA,17
1415S,1415,AMST,9
1415S,1415,ANTH,11
1415S,1415,ARAB,3
1415S,1415,ARCH,7
1415S,1415,ARHA,26
1415S,1415,ASLC,20
1415S,1415,ASTR,3
1415S,1415,BCBP,4
1415S,1415,BIOL,14
1415S,1415,BLST,17
1415S,1415,CHEM,8
1415S,1415,CHIN,5
1415S,1415,CLAS,2
1415S,1415,COLQ,7
1415S,1415,COSC,8
1415S,1415,ECON,15
1415S,1415,ENGL,35
1415S,1415,ENST,6
1415S,1415,EUST,22
1415S,1415,FAMS,22
1415S,1415,FREN,7
1415S,1415,GEOL,6
1415S,1415,GERM,12
1415S,1415,GREE,4
1415S,1415,HIST,28
1415S,1415,JAPA,9
1415S,1415,LATI,3
1415S,1415,LJST,12
1415S,1415,MATH,15
1415S,1415,MIXD,94
1415S,1415,MUSI,13
1415S,1415,NEUR,2
1415S,1415,PHIL,10
1415S,1415,PHYS,8
1415S,1415,POSC,18
1415S,1415,PSYC,12
1415S,1415,RELI,11
1415S,1415,RUSS,7
1415S,1415,SOCI,8
1415S,1415,SPAN,16
1415S,1415,STAT,7
1415S,1415,SWAG,19
1415S,1415,THDA,18
1516F,1516,AMST,9
1516F,1516,ANTH,10
1516F,1516,ARAB,3
1516F,1516,ARCH,8
1516F,1516,ARHA,27
1516F,1516,ASLC,18
1516F,1516,ASTR,2
1516F,1516,BCBP,1
1516F,1516,BIOL,12
1516F,1516,BLST,22
1516F,1516,BRUS,1
1516F,1516,CHEM,7
1516F,1516,CHIN,5
1516F,1516,CLAS,1
1516F,1516,COSC,6
1516F,1516,ECON,17
1516F,1516,ENGL,40
1516F,1516,ENST,6
1516F,1516,EUST,17
1516F,1516,FAMS,22
1516F,1516,FREN,9
1516F,1516,FYSE,29
1516F,1516,GEOL,7
1516F,1516,GERM,7
1516F,1516,GREE,4
1516F,1516,HIST,27
1516F,1516,JAPA,16
1516F,1516,LATI,3
1516F,1516,LJST,8
1516F,1516,MATH,14
1516F,1516,MIXD,97
1516F,1516,MUSI,19
1516F,1516,NEUR,3
1516F,1516,PHIL,8
1516F,1516,PHYS,8
1516F,1516,POSC,19
1516F,1516,PSYC,14
1516F,1516,RELI,9
1516F,1516,RUSS,7
1516F,1516,SOCI,9
1516F,1516,SPAN,14
1516F,1516,STAT,8
1516F,1516,SWAG,17
1516F,1516,THDA,14
1516S,1516,AMST,10
1516S,1516,ANTH,8
1516S,1516,ARAB,3
1516S,1516,ARCH,5
1516S,1516,ARHA,34
1516S,1516,ASLC,9
1516S,1516,ASTR,2
1516S,1516,BCBP,4
1516S,1516,BIOL,12
1516S,1516,BLST,21
1516S,1516,CHEM,9
1516S,1516,CHIN,4
1516S,1516,CLAS,4
1516S,1516,COLQ,6
1516S,1516,COSC,7
1516S,1516,ECON,13
1516S,1516,ENGL,36
1516S,1516,ENST,5
1516S,1516,EUST,20
1516S,1516,FAMS,17
1516S,1516,FREN,11
1516S,1516,GEOL,6
1516S,1516,GERM,8
1516S,1516,GREE,3
1516S,1516,HIST,20
1516S,1516,JAPA,16
1516S,1516,LATI,3
1516S,1516,LJST,9
1516S,1516,MATH,20
1516S,1516,MIXD,89
1516S,1516,MUSI,120
1516S,1516,NEUR,2
1516S,1516,PHIL,10
1516S,1516,PHYS,8
1516S,1516,POSC,19
1516S,1516,PSYC,16
1516S,1516,RELI,10
1516S,1516,RUSS,7
1516S,1516,SOCI,9
1516S,1516,SPAN,13
1516S,1516,STAT,8
1516S,1516,SWAG,21
1516S,1516,THDA,19
1617F,1617,AMST,8
1617F,1617,ANTH,10
1617F,1617,ARAB,4
1617F,1617,ARCH,10
1617F,1617,ARHA,29
1617F,1617,ASLC,17
1617F,1617,ASTR,2
1617F,1617,BCBP,3
1617F,1617,BIOL,15
1617F,1617,BLST,15
1617F,1617,CHEM,8
1617F,1617,CHIN,4
1617F,1617,CLAS,2
1617F,1617,COSC,7
1617F,1617,ECON,13
1617F,1617,ENGL,37
1617F,1617,ENST,6
1617F,1617,EUST,19
1617F,1617,FAMS,14
1617F,1617,FREN,8
1617F,1617,FYSE,30
1617F,1617,GEOL,5
1617F,1617,GERM,7
1617F,1617,GREE,4
1617F,1617,HIST,28
1617F,1617,JAPA,15
1617F,1617,LATI,3
1617F,1617,LJST,11
1617F,1617,MATH,17
1617F,1617,MIXD,98
1617F,1617,MUSI,13
1617F,1617,MUSL,97
1617F,1617,NEUR,5
1617F,1617,PHIL,7
1617F,1617,PHYS,7
1617F,1617,POSC,19
1617F,1617,PSYC,17
1617F,1617,RELI,10
1617F,1617,RUSS,7
1617F,1617,SOCI,8
1617F,1617,SPAN,11
1617F,1617,STAT,8
1617F,1617,SWAG,17
1617F,1617,THDA,15
1617S,1617,AMST,12
1617S,1617,ANTH,10
1617S,1617,ARAB,4
1617S,1617,ARCH,10
1617S,1617,ARHA,32
1617S,1617,ASLC,14
1617S,1617,ASTR,3
1617S,1617,BCBP,6
1617S,1617,BIOL,17
1617S,1617,BLST,26
1617S,1617,CHEM,7
1617S,1617,CHIN,4
1617S,1617,CLAS,2
1617S,1617,COLQ,6
1617S,1617,COSC,6
1617S,1617,ECON,15
1617S,1617,ENGL,44
1617S,1617,ENST,4
1617S,1617,EUST,26
1617S,1617,FAMS,17
1617S,1617,FREN,9
1617S,1617,GEOL,6
1617S,1617,GERM,8
1617S,1617,GREE,4
1617S,1617,HIST,24
1617S,1617,JAPA,15
1617S,1617,LATI,3
1617S,1617,LJST,10
1617S,1617,MATH,19
1617S,1617,MIXD,104
1617S,1617,MUSI,14
1617S,1617,MUSL,97
1617S,1617,NEUR,2
1617S,1617,PHIL,9
1617S,1617,PHYS,8
1617S,1617,POSC,21
1617S,1617,PSYC,11
1617S,1617,RELI,10
1617S,1617,RUSS,14
1617S,1617,SOCI,6
1617S,1617,SPAN,15
1617S,1617,STAT,7
1617S,1617,SWAG,26
1617S,1617,THDA,17
1718F,1718,AMST,12
1718F,1718,ANTH,13
1718F,1718,ARAB,3
1718F,1718,ARCH,8
1718F,1718,ARHA,23
1718F,1718,ASLC,19
1718F,1718,ASTR,4
1718F,1718,BCBP,3
1718F,1718,BIOL,14
1718F,1718,BLST,24
1718F,1718,CHEM,9
1718F,1718,CHIN,4
1718F,1718,CLAS,3
1718F,1718,COLQ,1
1718F,1718,COSC,7
1718F,1718,ECON,14
1718F,1718,ENGL,32
1718F,1718,ENST,5
1718F,1718,EUST,13
1718F,1718,FAMS,14
1718F,1718,FREN,11
1718F,1718,FYSE,34
1718F,1718,GEOL,7
1718F,1718,GERM,7
1718F,1718,GREE,3
1718F,1718,HIST,31
1718F,1718,JAPA,15
1718F,1718,LATI,3
1718F,1718,LJST,9
1718F,1718,MATH,17
1718F,1718,MIXD,92
1718F,1718,MUSI,13
1718F,1718,MUSL,103
1718F,1718,NEUR,3
1718F,1718,PHIL,8
1718F,1718,PHYS,9
1718F,1718,POSC,19
1718F,1718,PSYC,12
1718F,1718,RELI,10
1718F,1718,RUSS,9
1718F,1718,SOCI,8
1718F,1718,SPAN,12
1718F,1718,STAT,8
1718F,1718,SWAG,11
1718F,1718,THDA,19
1718S,1718,AMST,15
1718S,1718,ANTH,19
1718S,1718,ARAB,3
1718S,1718,ARCH,9
1718S,1718,ARHA,29
1718S,1718,ASLC,27
1718S,1718,ASTR,3
1718S,1718,BCBP,4
1718S,1718,BIOL,14
1718S,1718,BLST,22
1718S,1718,CHEM,11
1718S,1718,CHIN,4
1718S,1718,CLAS,2
1718S,1718,COLQ,6
1718S,1718,COSC,5
1718S,1718,ECON,14
1718S,1718,ENGL,46
1718S,1718,ENST,8
1718S,1718,EUST,19
1718S,1718,FAMS,14
1718S,1718,FREN,10
1718S,1718,GEOL,6
1718S,1718,GERM,9
1718S,1718,GREE,4
1718S,1718,HIST,42
1718S,1718,JAPA,15
1718S,1718,LATI,3
1718S,1718,LJST,10
1718S,1718,MATH,21
1718S,1718,MIXD,117
1718S,1718,MUSI,18
1718S,1718,MUSL,104
1718S,1718,NEUR,3
1718S,1718,PHIL,7
1718S,1718,PHYS,10
1718S,1718,POSC,19
1718S,1718,PSYC,15
1718S,1718,RELI,13
1718S,1718,RUSS,10
1718S,1718,SOCI,5
1718S,1718,SPAN,11
1718S,1718,STAT,8
1718S,1718,SWAG,19
1718S,1718,THDA,19
1819F,1819,AMST,12
1819F,1819,ANTH,12
1819F,1819,ARAB,3
1819F,1819,ARCH,8
1819F,1819,ARHA,27
1819F,1819,ASLC,16
1819F,1819,ASTR,3
1819F,1819,BCBP,1
1819F,1819,BIOL,12
1819F,1819,BLST,22
1819F,1819,CHEM,8
1819F,1819,CHIN,6
1819F,1819,CLAS,1
1819F,1819,COLQ,1
1819F,1819,COSC,6
1819F,1819,ECON,20
1819F,1819,ENGL,35
1819F,1819,ENST,8
1819F,1819,EUST,8
1819F,1819,FAMS,13
1819F,1819,FREN,10
1819F,1819,FYSE,34
1819F,1819,GEOL,5
1819F,1819,GERM,7
1819F,1819,GREE,3
1819F,1819,HIST,26
1819F,1819,JAPA,15
1819F,1819,LATI,3
1819F,1819,LJST,9
1819F,1819,LLAS,1
1819F,1819,MATH,17
1819F,1819,MIXD,102
1819F,1819,MUSI,15
1819F,1819,MUSL,104
1819F,1819,NEUR,3
1819F,1819,PHIL,11
1819F,1819,PHYS,12
1819F,1819,POSC,17
1819F,1819,PSYC,14
1819F,1819,RELI,12
1819F,1819,RUSS,12
1819F,1819,SOCI,10
1819F,1819,SPAN,12
1819F,1819,STAT,9
1819F,1819,SWAG,27
1819F,1819,THDA,19
1819S,1819,AMST,15
1819S,1819,ANTH,11
1819S,1819,ARAB,3
1819S,1819,ARCH,9
1819S,1819,ARHA,35
1819S,1819,ASLC,23
1819S,1819,ASTR,2
1819S,1819,BCBP,3
1819S,1819,BIOL,16
1819S,1819,BLST,30
1819S,1819,CHEM,7
1819S,1819,CHIN,4
1819S,1819,CLAS,2
1819S,1819,COLQ,7
1819S,1819,COSC,7
1819S,1819,ECON,16
1819S,1819,ENGL,47
1819S,1819,ENST,8
1819S,1819,EUST,12
1819S,1819,FAMS,20
1819S,1819,FREN,11
1819S,1819,GEOL,5
1819S,1819,GERM,9
1819S,1819,GREE,4
1819S,1819,HIST,37
1819S,1819,JAPA,14
1819S,1819,LATI,3
1819S,1819,LJST,12
1819S,1819,MATH,21
1819S,1819,MIXD,120
1819S,1819,MUSI,21
1819S,1819,MUSL,105
1819S,1819,NEUR,4
1819S,1819,PHIL,6
1819S,1819,PHYS,7
1819S,1819,POSC,18
1819S,1819,PSYC,16
1819S,1819,RELI,13
1819S,1819,RUSS,9
1819S,1819,SOCI,7
1819S,1819,SPAN,15
1819S,1819,STAT,5
1819S,1819,SWAG,31
1819S,1819,THDA,18
1920F,1920,AMST,11
1920F,1920,ANTH,9
1920F,1920,ARAB,4
1920F,1920,ARCH,13
1920F,1920,ARHA,30
1920F,1920,ASLC,15
1920F,1920,ASTR,4
1920F,1920,BCBP,4
1920F,1920,BIOL,15
1920F,1920,BLST,17
1920F,1920,CHEM,8
1920F,1920,CHIN,6
1920F,1920,CLAS,3
1920F,1920,COLQ,1
1920F,1920,COSC,10
1920F,1920,ECON,21
1920F,1920,ENGL,36
1920F,1920,ENST,5
1920F,1920,EUST,8
1920F,1920,FAMS,12
1920F,1920,FREN,9
1920F,1920,FYSE,25
1920F,1920,GEOL,5
1920F,1920,GERM,6
1920F,1920,GREE,3
1920F,1920,HIST,20
1920F,1920,JAPA,14
1920F,1920,LATI,3
1920F,1920,LJST,9
1920F,1920,LLAS,11
1920F,1920,MATH,17
1920F,1920,MIXD,95
1920F,1920,MUSI,15
1920F,1920,MUSL,105
1920F,1920,NEUR,4
1920F,1920,PHIL,12
1920F,1920,PHYS,7
1920F,1920,POSC,21
1920F,1920,PSYC,15
1920F,1920,RELI,8
1920F,1920,RUSS,9
1920F,1920,SOCI,8
1920F,1920,SPAN,9
1920F,1920,STAT,9
1920F,1920,SWAG,19
1920F,1920,THDA,17
1920S,1920,AMST,19
1920S,1920,ANTH,10
1920S,1920,ARAB,4
1920S,1920,ARCH,9
1920S,1920,ARHA,34
1920S,1920,ASLC,18
1920S,1920,ASTR,4
1920S,1920,BCBP,4
1920S,1920,BIOL,18
1920S,1920,BLST,34
1920S,1920,CHEM,12
1920S,1920,CHIN,4
1920S,1920,CLAS,2
1920S,1920,COLQ,7
1920S,1920,COSC,8
1920S,1920,ECON,18
1920S,1920,ENGL,45
1920S,1920,ENST,6
1920S,1920,EUST,7
1920S,1920,FAMS,18
1920S,1920,FREN,11
1920S,1920,GEOL,4
1920S,1920,GERM,8
1920S,1920,GREE,4
1920S,1920,HIST,42
1920S,1920,JAPA,15
1920S,1920,LATI,3
1920S,1920,LJST,12
1920S,1920,LLAS,20
1920S,1920,MATH,18
1920S,1920,MIXD,137
1920S,1920,MUSI,18
1920S,1920,MUSL,106
1920S,1920,NEUR,4
1920S,1920,PHIL,6
1920S,1920,PHYS,12
1920S,1920,POSC,19
1920S,1920,PSYC,16
1920S,1920,RELI,15
1920S,1920,RUSS,12
1920S,1920,SOCI,16
1920S,1920,SPAN,15
1920S,1920,STAT,8
1920S,1920,SWAG,25
1920S,1920,THDA,18
2021F,2021,AMST,13
2021F,2021,ANTH,10
2021F,2021,ARAB,4
2021F,2021,ARCH,19
2021F,2021,ARHA,35
2021F,2021,ASLC,16
2021F,2021,ASTR,3
2021F,2021,BCBP,3
2021F,2021,BIOL,13
2021F,2021,BLST,20
2021F,2021,CHEM,8
2021F,2021,CHIN,4
2021F,2021,CLAS,2
2021F,2021,COLQ,1
2021F,2021,COSC,7
2021F,2021,ECON,16
2021F,2021,ENGL,32
2021F,2021,ENST,8
2021F,2021,EUST,12
2021F,2021,FAMS,19
2021F,2021,FREN,10
2021F,2021,FYSE,25
2021F,2021,GEOL,6
2021F,2021,GERM,10
2021F,2021,GREE,4
2021F,2021,HIST,24
2021F,2021,JAPA,16
2021F,2021,LATI,3
2021F,2021,LJST,6
2021F,2021,LLAS,5
2021F,2021,MATH,15
2021F,2021,MIXD,111
2021F,2021,MUSI,15
2021F,2021,MUSL,104
2021F,2021,NEUR,5
2021F,2021,PHIL,4
2021F,2021,PHYS,10
2021F,2021,POSC,21
2021F,2021,PSYC,13
2021F,2021,RELI,9
2021F,2021,RUSS,8
2021F,2021,SOCI,14
2021F,2021,SPAN,9
2021F,2021,STAT,11
2021F,2021,SWAG,21
2021F,2021,THDA,14
2021J,2021,AMST,2
2021J,2021,ANTH,2
2021J,2021,ARCH,1
2021J,2021,ARHA,8
2021J,2021,ASLC,1
2021J,2021,BIOL,2
2021J,2021,BLST,2
2021J,2021,CHEM,3
2021J,2021,CLAS,1
2021J,2021,COLQ,2
2021J,2021,COSC,1
2021J,2021,ECON,2
2021J,2021,ENGL,4
2021J,2021,FAMS,4
2021J,2021,GEOL,1
2021J,2021,HIST,1
2021J,2021,LJST,3
2021J,2021,LLAS,2
2021J,2021,MATH,2
2021J,2021,MIXD,15
2021J,2021,MUSI,5
2021J,2021,POSC,3
2021J,2021,PSYC,2
2021J,2021,RUSS,1
2021J,2021,SOCI,2
2021J,2021,STAT,2
2021J,2021,SWAG,1
2021S,2021,AMST,14
2021S,2021,ANTH,8
2021S,2021,ARAB,4
2021S,2021,ARCH,9
2021S,2021,ARHA,29
2021S,2021,ASLC,12
2021S,2021,ASTR,4
2021S,2021,BCBP,4
2021S,2021,BIOL,18
2021S,2021,BLST,19
2021S,2021,CHEM,11
2021S,2021,CHIN,4
2021S,2021,CLAS,2
2021S,2021,COLQ,4
2021S,2021,COSC,8
2021S,2021,ECON,18
2021S,2021,ENGL,28
2021S,2021,ENST,8
2021S,2021,EUST,14
2021S,2021,FAMS,17
2021S,2021,FREN,8
2021S,2021,GEOL,5
2021S,2021,GERM,8
2021S,2021,GREE,4
2021S,2021,HIST,31
2021S,2021,JAPA,14
2021S,2021,LATI,3
2021S,2021,LJST,9
2021S,2021,LLAS,18
2021S,2021,MATH,21
2021S,2021,MIXD,115
2021S,2021,MUSI,12
2021S,2021,MUSL,106
2021S,2021,NEUR,7
2021S,2021,PHIL,7
2021S,2021,PHYS,8
2021S,2021,POSC,20
2021S,2021,PSYC,14
2021S,2021,RELI,11
2021S,2021,RUSS,10
2021S,2021,SOCI,9
2021S,2021,SPAN,14
2021S,2021,STAT,9
2021S,2021,SWAG,26
2021S,2021,THDA,17
2122F,2122,AMST,10
2122F,2122,ANTH,11
2122F,2122,ARAB,3
2122F,2122,ARCH,9
2122F,2122,ARHA,27
2122F,2122,ASLC,22
2122F,2122,ASTR,2
2122F,2122,BCBP,2
2122F,2122,BIOL,10
2122F,2122,BLST,17
2122F,2122,CHEM,9
2122F,2122,CHIN,3
2122F,2122,CLAS,3
2122F,2122,COSC,8
2122F,2122,ECON,17
2122F,2122,EDST,15
2122F,2122,ENGL,33
2122F,2122,ENST,7
2122F,2122,EUST,11
2122F,2122,FAMS,17
2122F,2122,FREN,8
2122F,2122,FYSE,27
2122F,2122,GEOL,5
2122F,2122,GERM,7
2122F,2122,GREE,4
2122F,2122,HIST,25
2122F,2122,JAPA,15
2122F,2122,LATI,3
2122F,2122,LJST,7
2122F,2122,LLAS,8
2122F,2122,MATH,15
2122F,2122,MIXD,109
2122F,2122,MUSI,11
2122F,2122,MUSL,104
2122F,2122,NEUR,3
2122F,2122,PHIL,8
2122F,2122,PHYS,11
2122F,2122,POSC,18
2122F,2122,PSYC,11
2122F,2122,RELI,11
2122F,2122,RUSS,9
2122F,2122,SOCI,10
2122F,2122,SPAN,15
2122F,2122,STAT,8
2122F,2122,SWAG,18
2122F,2122,THDA,12
2122J,2122,AMST,2
2122J,2122,ANTH,2
2122J,2122,ARHA,2
2122J,2122,ASLC,2
2122J,2122,BIOL,1
2122J,2122,CHEM,2
2122J,2122,CLAS,3
2122J,2122,COSC,1
2122J,2122,ECON,1
2122J,2122,EDST,1
2122J,2122,ENGL,5
2122J,2122,EUST,2
2122J,2122,HIST,2
2122J,2122,LJST,1
2122J,2122,LLAS,1
2122J,2122,MIXD,10
2122J,2122,MUSI,1
2122J,2122,POSC,2
2122J,2122,PSYC,2
2122J,2122,RELI,1
2122J,2122,RUSS,3
2122J,2122,SWAG,4
2122J,2122,THDA,1
2122S,2122,AMST,14
2122S,2122,ANTH,7
2122S,2122,ARAB,3
2122S,2122,ARCH,13
2122S,2122,ARHA,31
2122S,2122,ASLC,18
2122S,2122,ASTR,3
2122S,2122,BCBP,2
2122S,2122,BIOL,16
2122S,2122,BLST,21
2122S,2122,CHEM,10
2122S,2122,CHIN,3
2122S,2122,COLQ,4
2122S,2122,COSC,9
2122S,2122,ECON,18
2122S,2122,EDST,11
2122S,2122,ENGL,39
2122S,2122,ENST,8
2122S,2122,EUST,20
2122S,2122,FAMS,15
2122S,2122,FREN,9
2122S,2122,GEOL,9
2122S,2122,GERM,8
2122S,2122,HIST,34
2122S,2122,JAPA,14
2122S,2122,LJST,10
2122S,2122,LLAS,10
2122S,2122,MATH,20
2122S,2122,MIXD,116
2122S,2122,MUSI,13
2122S,2122,MUSL,106
2122S,2122,NEUR,4
2122S,2122,PHIL,7
2122S,2122,PHYS,8
2122S,2122,POSC,13
2122S,2122,PSYC,13
2122S,2122,RELI,14
2122S,2122,RUSS,11
2122S,2122,SOCI,8
2122S,2122,SPAN,13
2122S,2122,STAT,6
2122S,2122,SWAG,14
2122S,2122,THDA,15
2223F,2223,AMST,10
2223F,2223,ANTH,9
2223F,2223,ARAB,4
2223F,2223,ARCH,12
2223F,2223,ARHA,36
2223F,2223,ASLC,24
2223F,2223,ASTR,5
2223F,2223,BCBP,7
2223F,2223,BIOL,25
2223F,2223,BLST,30
2223F,2223,CHEM,22
2223F,2223,CHIN,4
2223F,2223,CLAS,5
2223F,2223,COSC,13
2223F,2223,ECON,20
2223F,2223,EDST,9
2223F,2223,ENGL,38
2223F,2223,ENST,10
2223F,2223,EUST,16
2223F,2223,FAMS,19
2223F,2223,FREN,9
2223F,2223,FYSE,32
2223F,2223,GEOL,8
2223F,2223,GERM,7
2223F,2223,GREE,5
2223F,2223,HIST,31
2223F,2223,JAPA,14
2223F,2223,LATI,4
2223F,2223,LJST,11
2223F,2223,LLAS,10
2223F,2223,MATH,20
2223F,2223,MIXD,154
2223F,2223,MUSI,25
2223F,2223,MUSL,30
2223F,2223,NEUR,13
2223F,2223,PHIL,10
2223F,2223,PHYS,17
2223F,2223,POSC,31
2223F,2223,PSYC,19
2223F,2223,RELI,8
2223F,2223,RUSS,8
2223F,2223,SOCI,12
2223F,2223,SPAN,16
2223F,2223,STAT,13
2223F,2223,SWAG,40
2223F,2223,THDA,13
2223S,2223,AMST,15
2223S,2223,ANTH,12
2223S,2223,ARAB,3
2223S,2223,ARCH,21
2223S,2223,ARHA,51
2223S,2223,ASLC,26
2223S,2223,ASTR,6
2223S,2223,BCBP,7
2223S,2223,BIOL,23
2223S,2223,BLST,38
2223S,2223,CHEM,23
2223S,2223,CHIN,4
2223S,2223,CLAS,4
2223S,2223,COLQ,1
2223S,2223,COSC,13
2223S,2223,ECON,24
2223S,2223,EDST,26
2223S,2223,ENGL,54
2223S,2223,ENST,18
2223S,2223,EUST,29
2223S,2223,FAMS,24
2223S,2223,FREN,14
2223S,2223,GEOL,8
2223S,2223,GERM,13
2223S,2223,GREE,6
2223S,2223,HIST,43
2223S,2223,JAPA,14
2223S,2223,LATI,5
2223S,2223,LJST,15
2223S,2223,LLAS,20
2223S,2223,MATH,21
2223S,2223,MIXD,240
2223S,2223,MUSI,35
2223S,2223,MUSL,30
2223S,2223,NEUR,15
2223S,2223,PHIL,13
2223S,2223,PHYS,18
2223S,2223,POSC,32
2223S,2223,PSYC,24
2223S,2223,RELI,22
2223S,2223,RUSS,14
2223S,2223,SOCI,15
2223S,2223,SPAN,17
2223S,2223,STAT,10
2223S,2223,SWAG,28
2223S,2223,THDA,22
2324F,2324,AMST,23
2324F,2324,ANTH,13
2324F,2324,ARAB,5
2324F,2324,ARCH,14
2324F,2324,ARHA,41
2324F,2324,ASLC,24
2324F,2324,ASTR,6
2324F,2324,BCBP,7
2324F,2324,BIOL,19
2324F,2324,BLST,33
2324F,2324,CHEM,20
2324F,2324,CHIN,5
2324F,2324,CLAS,9
2324F,2324,COLQ,1
2324F,2324,COSC,14
2324F,2324,ECON,23
2324F,2324,EDST,14
2324F,2324,ENGL,46
2324F,2324,ENST,9
2324F,2324,EUST,16
2324F,2324,FAMS,17
2324F,2324,FREN,12
2324F,2324,FYSE,32
2324F,2324,GEOL,8
2324F,2324,GERM,9
2324F,2324,GREE,8
2324F,2324,HIST,30
2324F,2324,JAPA,12
2324F,2324,LATI,8
2324F,2324,LJST,13
2324F,2324,LLAS,9
2324F,2324,MATH,19
2324F,2324,MIXD,170
2324F,2324,MUSI,23
2324F,2324,MUSL,31
2324F,2324,NEUR,11
2324F,2324,PHIL,11
2324F,2324,PHYS,15
2324F,2324,POSC,20
2324F,2324,PSYC,23
2324F,2324,RELI,13
2324F,2324,RUSS,11
2324F,2324,SOCI,11
2324F,2324,SPAN,13
2324F,2324,STAT,14
2324F,2324,SWAG,18
2324F,2324,THDA,20
2324S,2324,AMST,26
2324S,2324,ANTH,13
2324S,2324,ARAB,5
2324S,2324,ARCH,26
2324S,2324,ARHA,46
2324S,2324,ASLC,26
2324S,2324,ASTR,8
2324S,2324,BCBP,5
2324S,2324,BIOL,32
2324S,2324,BLST,34
2324S,2324,CHEM,20
2324S,2324,CHIN,5
2324S,2324,CLAS,6
2324S,2324,COLQ,1
2324S,2324,COSC,13
2324S,2324,ECON,28
2324S,2324,EDST,21
2324S,2324,ENGL,43
2324S,2324,ENST,15
2324S,2324,EUST,29
2324S,2324,FAMS,24
2324S,2324,FREN,10
2324S,2324,GEOL,10
2324S,2324,GERM,16
2324S,2324,GREE,7
2324S,2324,HIST,49
2324S,2324,JAPA,13
2324S,2324,LATI,6
2324S,2324,LJST,15
2324S,2324,LLAS,15
2324S,2324,MATH,22
2324S,2324,MIXD,213
2324S,2324,MUSI,32
2324S,2324,MUSL,26
2324S,2324,NEUR,8
2324S,2324,PHIL,11
2324S,2324,PHYS,15
2324S,2324,POSC,30
2324S,2324,PSYC,23
2324S,2324,RELI,17
2324S,2324,RUSS,12
2324S,2324,SOCI,17
2324S,2324,SPAN,15
2324S,2324,STAT,14
2324S,2324,SWAG,29
2324S,2324,THDA,32
2425F,2425,AAPI,7
2425F,2425,AMST,19
2425F,2425,ANTH,12
2425F,2425,ARAB,5
2425F,2425,ARCH,14
2425F,2425,ARHA,35
2425F,2425,ASLC,24
2425F,2425,ASTR,3
2425F,2425,BCBP,7
2425F,2425,BIOL,22
2425F,2425,BLST,31
2425F,2425,CHEM,24
2425F,2425,CHIN,5
2425F,2425,CLAS,9
2425F,2425,COSC,15
2425F,2425,ECON,32
2425F,2425,EDST,23
2425F,2425,ENGL,38
2425F,2425,ENST,12
2425F,2425,EUST,17
2425F,2425,FAMS,22
2425F,2425,FREN,11
2425F,2425,FYSE,27
2425F,2425,GEOL,7
2425F,2425,GERM,11
2425F,2425,GREE,9
2425F,2425,HIST,27
2425F,2425,JAPA,20
2425F,2425,LATI,6
2425F,2425,LJST,13
2425F,2425,LLAS,21
2425F,2425,MATH,21
2425F,2425,MIXD,163
2425F,2425,MUSI,24
2425F,2425,MUSL,24
2425F,2425,NEUR,8
2425F,2425,PHIL,9
2425F,2425,PHYS,15
2425F,2425,POSC,35
2425F,2425,PSYC,19
2425F,2425,RELI,13
2425F,2425,RUSS,13
2425F,2425,SOCI,11
2425F,2425,SPAN,14
2425F,2425,STAT,13
2425F,2425,SWAG,19
2425F,2425,THDA,23
2425S,2425,AAPI,9
2425S,2425,AMST,18
2425S,2425,ANTH,9
2425S,2425,ARAB,5
2425S,2425,ARCH,18
2425S,2425,ARHA,45
2425S,2425,ASLC,19
2425S,2425,ASTR,7
2425S,2425,BCBP,5
2425S,2425,BIOL,31
2425S,2425,BLST,29
2425S,2425,CHEM,22
2425S,2425,CHIN,4
2425S,2425,CLAS,11
2425S,2425,COLQ,1
2425S,2425,COSC,13
2425S,2425,ECON,33
2425S,2425,EDST,20
2425S,2425,ENGL,51
2425S,2425,ENST,12
2425S,2425,EUST,17
2425S,2425,FAMS,23
2425S,2425,FREN,10
2425S,2425,GEOL,12
2425S,2425,GERM,12
2425S,2425,GREE,5
2425S,2425,HIST,31
2425S,2425,JAPA,20
2425S,2425,LATI,8
2425S,2425,LJST,16
2425S,2425,LLAS,13
2425S,2425,MATH,24
2425S,2425,MIXD,208
2425S,2425,MUSI,30
2425S,2425,MUSL,24
2425S,2425,NEUR,12
2425S,2425,PHIL,11
2425S,2425,PHYS,13
2425S,2425,POSC,30
2425S,2425,PSYC,22
2425S,2425,RELI,17
2425S,2425,RUSS,14
2425S,2425,SOCI,9
2425S,2425,SPAN,14
2425S,2425,STAT,23
2425S,2425,SWAG,35
2425S,2425,THDA,23
2526F,2526,AAPI,9
2526F,2526,AMST,13
2526F,2526,ANTH,2
2526F,2526,ARAB,5
2526F,2526,ARCH,12
2526F,2526,ARHA,15
2526F,2526,ASLC,26
2526F,2526,ASTR,5
2526F,2526,BCBP,7
2526F,2526,BIOL,25
2526F,2526,BLST,21
2526F,2526,CHEM,23
2526F,2526,CHIN,5
2526F,2526,CLAS,7
2526F,2526,COSC,15
2526F,2526,ECON,26
2526F,2526,EDST,29
2526F,2526,ENGL,33
2526F,2526,ENST,9
2526F,2526,EUST,21
2526F,2526,FAMS,16
2526F,2526,FREN,11
2526F,2526,FYSE,11
2526F,2526,GEOL,9
2526F,2526,GERM,10
2526F,2526,GREE,6
2526F,2526,HIST,36
2526F,2526,JAPA,20
2526F,2526,LATI,8
2526F,2526,LJST,13
2526F,2526,LLAS,11
2526F,2526,MATH,18
2526F,2526,MIXD,163
2526F,2526,MUSI,24
2526F,2526,MUSL,24
2526F,2526,NEUR,11
2526F,2526,PHIL,10
2526F,2526,PHYS,14
2526F,2526,POSC,28
2526F,2526,PSYC,18
2526F,2526,RELI,15
2526F,2526,RUSS,13
2526F,2526,SOCI,1
2526F,2526,SPAN,18
2526F,2526,STAT,9
2526F,2526,SWAG,28
2526F,2526,THDA,31
2526S,2526,AAPI,4
2526S,2526,AMST,8
2526S,2526,ANTH,2
2526S,2526,ARAB,5
2526S,2526,ARCH,11
2526S,2526,ARHA,30
2526S,2526,ASLC,21
2526S,2526,ASTR,6
2526S,2526,BCBP,7
2526S,2526,BIOL,22
2526S,2526,BLST,19
2526S,2526,CHEM,18
2526S,2526,CHIN,4
2526S,2526,CLAS,4
2526S,2526,COLQ,1
2526S,2526,COSC,17
2526S,2526,ECON,26
2526S,2526,EDST,13
2526S,2526,ENGL,34
2526S,2526,ENST,5
2526S,2526,EUST,13
2526S,2526,FAMS,16
2526S,2526,FREN,12
2526S,2526,GEOL,6
2526S,2526,GERM,7
2526S,2526,GREE,5
2526S,2526,HIST,32
2526S,2526,JAPA,1
2526S,2526,LATI,3
2526S,2526,LJST,11
2526S,2526,LLAS,20
2526S,2526,MATH,19
2526S,2526,MIXD,154
2526S,2526,MUSI,22
2526S,2526,MUSL,22
2526S,2526,NEUR,8
2526S,2526,PHIL,4
2526S,2526,PHYS,15
2526S,2526,POSC,32
2526S,2526,PSYC,28
2526S,2526,RELI,10
2526S,2526,RUSS,7
2526S,2526,SOCI,2
2526S,2526,SPAN,13
2526S,2526,STAT,15
2526S,2526,SWAG,26
2526S,2526,THDA,18
